P1,P2,P3,P4,P5,Topsis Score,Rank
0.3487853517092935,0.3404292884846926,0.3801419808416043,0.36592017879607985,0.36798915731384557,0.5983125125410145,2
0.3900888802011835,0.42260187536030813,0.43257535750941173,0.2780751027605971,0.2945656250374892,0.577660700816271,5
0.3717317564270102,0.3873850524136158,0.24905853917208554,0.4186272244173695,0.4050277344265476,0.35434202357640027,8
0.3120711041609468,0.269995642591308,0.35392529250770055,0.38227753778199736,0.37931860443067206,0.6019289943345623,1
0.38549959925764016,0.4167324048691927,0.43257535750941173,0.3077606801794844,0.3211462509654283,0.585382237513711,4
0.2983032613303168,0.24651776062684638,0.203179334587754,0.2962499460782832,0.2891187754620918,0.4394564080267295,7
0.3533746326528368,0.34629875897580803,0.38669615292508025,0.376219256676102,0.3777934865495608,0.5970064328733042,3
0.35796391359638013,0.3580376999580388,0.32115443209032085,0.3786425691184601,0.3747432507873383,0.4764709702831529,6
